id,username,password,name,gender,birthday,education
1,mgonzales,GvVfIMjBiK,Ashley Carpenter,Female,4/2/1950,false
2,koliver,E5q2lhIpi,Ann Perez,Male,5/23/1961,false
3,bgutierrez,4bJOx5vcYMrR,Fred Henderson,Male,4/1/1984,true
4,jray,i2PEYBMEn,Donald Carter,Female,3/4/1953,true
5,devans,XrFf9F2f,Anthony Holmes,Female,3/29/1983,false
6,hwillis,mSck21nBbrs,Anthony Lewis,Female,7/10/1928,true
7,ctucker,oESPEzU,Shawn Garza,Female,5/31/2000,true
8,jlane,wbUpBaMmE,Phillip Price,Male,8/25/1977,false
9,emorales,bKlTQnclIFT,Irene Williams,Male,6/12/1968,false
10,afoster,iDkuXUbmoNJ,Timothy Marshall,Male,7/4/2001,true
11,afowler,kaWAA2,Teresa Payne,Male,3/6/1972,true
12,cweaver,xq23WVaJ0bZZ,Louise Thomas,Female,6/27/2000,true
13,price,oppL5ea93k3,Robin Kelly,Male,2/28/2001,false
14,bgreen,BiUvyGIe2,Kelly Evans,Male,2/7/1942,false
15,darnold,OeXdMFlPD9B,Kimberly Payne,Female,8/23/2007,true
16,bgarcia,65DbUor,Christina Allen,Female,10/31/2004,false
17,jmurray,EDtuDox,Julia Perry,Female,1/4/1972,false
18,rgarza,Xuco4qP8iq,Clarence Cooper,Female,7/9/1975,false
19,pbanks,rZw8k1wK,Paul Green,Female,9/9/1952,true
20,jjames,VhmNYmJ,Beverly Williams,Female,4/2/1998,false
21,srichards,HeMEc4i,Mary Hawkins,Female,11/17/1954,true
22,hkim,zZfMcSv,Janice Peterson,Female,9/20/1967,true
23,dreid,U8Ii8RoHFBle,Doris Payne,Male,3/21/1997,true
24,twashington,dEKHhKIUAK,Douglas Berry,Female,9/14/1984,false
25,sross,xOtwjnYV2Il,Victor Meyer,Male,5/14/1989,false
26,jwatson,HrzYF9P4,Sandra Baker,Female,7/21/2009,true
27,cparker,DIayUj,Frances Campbell,Male,7/5/1937,false
28,afox,uVhIBjm5Vyj,Mark Davis,Male,9/8/1997,true
29,mfernandez,ZkwXGZcTjZg7,Daniel Arnold,Male,9/13/1924,false
30,jhart,MsFO0SOHdKM1,Douglas Ward,Male,11/15/1934,true
31,lsimpson,TwbrtbvW42,Evelyn Bennett,Male,2/17/1920,false
32,srichardson,0hHjdI0o,Amy Andrews,Female,8/11/1987,true
33,jsimmons,98Yl0S,Janet Green,Male,4/1/2002,true
34,tbishop,bYlMTB8QZac,Shirley Rodriguez,Male,9/7/1972,false
35,fgonzalez,42xZr16GIw7,Lillian Morrison,Male,3/8/1928,true
36,dbarnes,hHv8xg,Kathleen Thomas,Male,2/11/1921,true
37,sgomez,v5bBGl1,Carlos Bryant,Female,6/1/1960,false
38,gkim,JMRJBW,Roy James,Male,2/5/1969,false
39,jhenderson,U7XpEbt,Donald Dixon,Female,4/15/1931,false
40,hhansen,3lRUXm,Pamela Barnes,Male,7/7/1928,true
41,rhernandez,1SO6Tc,Dennis Graham,Male,3/3/1957,false
42,pmills,2Zw8SD95xV8,Doris Stanley,Male,4/17/2012,false
43,jstephens,Ezy64Ps,Steve Reed,Male,2/17/1926,false
44,dreyes,fWQcxkBPo,Chris Franklin,Male,9/10/1942,false
45,gperkins,zrpBT3rC,Jimmy Mitchell,Female,11/29/1933,true
46,bjenkins,JGTxloHZxQfB,Ernest Bailey,Female,1/24/1967,false
47,ebaker,hhonfXNXnzhA,Sara Hughes,Female,9/10/1979,false
48,shughes,J6bl8Fsy5mCS,Steven Dean,Female,10/15/1965,true
49,kkim,enuOBddg,Nancy Powell,Male,6/15/1957,false
50,kpierce,nzIiWLBUHug,Michelle Mitchell,Female,6/8/1930,true
51,bgarza,GqtCWwn,Annie Hill,Female,3/20/1948,true
52,cprice,TTBa663QBSh,Alan Crawford,Female,2/21/1963,true
53,fhill,XRpdlBUV9y7,Adam Campbell,Female,6/16/2005,false
54,bwells,RalLxcanhE,Benjamin Little,Female,9/5/2011,false
55,lthompson,cgy9Udqaq,Kimberly Morales,Female,8/23/1985,true
56,htaylor,1vyJpzn,John Hunt,Female,3/3/1949,false
57,ehunter,k0fEkA,Carolyn Andrews,Female,10/11/1990,false
58,rpierce,cZM1fAj,Daniel Richards,Male,11/20/1969,true
59,thoward,GfSnit,Margaret Baker,Male,2/17/1944,false
60,aparker,9xQj4SxXsEMt,Aaron Ryan,Female,4/13/1968,false
61,awilson,1jQpVITyG1,Antonio Hill,Male,7/12/1924,true
62,jjames,dRPYwU,Jimmy Carpenter,Male,2/5/1924,false
63,vhayes,tGyv9n6kHut,Harold Robinson,Male,1/28/1927,false
64,ascott,jS6vZR,Harry Burke,Female,12/11/1927,false
65,cjohnson,Nr3IyPr,Robert Hall,Female,7/5/1925,false
66,jkennedy,BoX1SjP,Timothy Wood,Male,3/8/2000,true
67,aharper,LffkR9PMDBg,Jose Watson,Female,12/31/1947,false
68,bwagner,tNcYZUT8ml9z,Pamela Larson,Female,9/21/1944,false
69,hfox,j6yjLO8qyQ,Frank Morales,Male,10/20/1940,true
70,cowens,BC2Vf6oYWPkI,Rebecca Barnes,Male,6/24/1997,false
71,dmartinez,0dwjBfP,Raymond Jenkins,Male,11/16/1923,false
72,bwatkins,6AWm79jJwfOh,Diana Anderson,Female,9/16/1979,false
73,wmcdonald,BZJ7Bk4,Theresa Adams,Female,10/22/1975,true
74,wgray,FRLSmeE,Johnny Hanson,Female,2/18/1970,true
75,kcunningham,Jm5XHxAyjSDO,John Butler,Female,2/8/1979,false
76,nmitchell,AoLwC8Qc6wlX,Helen Morgan,Male,11/23/1959,false
77,jdean,G79sizUZ,Judith Ford,Female,12/7/1925,true
78,pharrison,Hploah,Melissa Butler,Female,2/15/1955,false
79,mhernandez,j2VL88aeRTWe,Katherine Cole,Male,3/23/1980,false
80,bbutler,4cSPZeK4HMk,Brandon Cole,Female,12/31/1998,false
81,jhawkins,7SOG81lPHY,Samuel Dixon,Male,3/24/1944,true
82,cbowman,vuz6p5,Kathy Cooper,Male,4/8/1976,true
83,tmyers,mxvchk,Patrick Bowman,Female,3/14/1981,true
84,cjohnson,0npNBa0,Heather Fisher,Male,5/22/1932,true
85,tfisher,QcW4Xu6,Albert Burns,Female,11/24/1923,true
86,howens,9pVACca,Ashley Nichols,Female,1/7/1943,false
87,bbishop,aAjlmvk,Joyce Patterson,Male,8/25/1971,true
88,kfoster,J4AhQQx8dxp,Rachel Hunter,Female,11/18/1984,false
89,jpeterson,BdEhYr,Ronald Hudson,Male,9/2/1934,false
90,sray,qfu0dHT9T,Edward Morris,Male,5/19/1927,false
91,asimmons,IAfKal,Rebecca Kelly,Female,4/13/1920,false
92,gyoung,W6w4e7,Jose Alexander,Female,12/16/2005,true
93,amorales,ZEgVocmcqW,Albert Stephens,Female,1/2/1947,true
94,rboyd,f76awRm8x,Cheryl Hunt,Male,1/30/1963,true
95,jshaw,Ncfl3uxwU,Keith Gibson,Male,2/18/1994,false
96,efowler,YeAqFmpn9,Susan Henderson,Male,3/28/1955,false
97,gadams,t1g2CP7k3,John Burton,Male,9/28/1971,false
98,ereynolds,oxGzmYn,Lillian Hamilton,Female,12/14/1966,false
99,jjackson,tzaJViOtEB6L,Jean Holmes,Male,3/27/1930,false
100,kmcdonald,pBy7Jzv6,Jose Morgan,Female,12/10/2011,false
101,dadams,pg9fgarAyQ,Willie Murphy,Female,2/1/1943,false
102,bjenkins,mNrjUcHHAIf,Russell Reyes,Female,9/23/1960,false
103,pmurphy,VuzG7tvMBvu,Ronald Young,Male,10/31/1944,true
104,glee,l8fCes,Lillian Clark,Female,5/27/1938,true
105,pfernandez,umPzeaDNZsoC,Elizabeth Bishop,Male,11/3/1946,false
106,rdiaz,RX680ZHEWi,Larry Rose,Male,10/10/1929,true
107,jharris,tjVyHyt,Kimberly Baker,Female,10/22/1994,true
108,dcooper,dQbVdD85zu,Benjamin Gutierrez,Female,11/9/1921,false
109,sbennett,5f3Bwdc,Todd Robinson,Male,2/8/1939,true
110,lray,uaqUJ7Y,Clarence Gonzales,Female,1/3/2006,false
111,bgomez,fdGsZEPdNLXJ,Ralph King,Male,8/27/1959,true
112,jruiz,o1TLMt5XlpAU,Karen Moreno,Female,12/26/1925,false
113,malexander,Gd97bBncwKg4,Jacqueline Elliott,Male,4/11/1977,false
114,rortiz,moWpioxu9sWA,Andrea Ruiz,Male,6/3/1924,true
115,tsullivan,8nigf0nCoe4,Gary Parker,Female,10/22/2006,false
116,ctaylor,piZg71,Judith Perkins,Male,1/5/1982,true
117,jwallace,2j4qxrGgQQ63,Aaron Gonzales,Male,3/22/1954,false
118,tanderson,vSRmjL0dfUo,Martin Ray,Female,12/1/1922,true
119,emcdonald,QDUsykSqqgIh,Mildred Matthews,Male,7/15/1996,true
120,jbarnes,MEnL2iHfPUQl,David Bradley,Female,10/23/1991,false
121,aramos,j24JFyZaJphj,Donna Murphy,Male,11/17/1936,false
122,rwatson,ix3XvRgwt99t,Susan Stephens,Male,5/5/1994,false
123,balexander,FACk2p,Earl Sullivan,Male,1/17/1921,true
124,jking,7EjKdqq2Zz2L,Philip Turner,Male,3/30/2008,true
125,rrobinson,zKqidHlPP,Margaret Rice,Female,11/28/1940,false
126,jsims,Lrr88ZC,Keith Price,Male,6/6/1938,false
127,shenderson,VnXxsQ0g8C,Robin Washington,Male,1/2/1927,false
128,jburton,9V0zIjT,Donna Dunn,Female,10/14/1999,false
129,jgonzales,eaO4eUwNAlet,Craig Gutierrez,Female,12/6/1984,true
130,elewis,erRpkBRb,Lori Garrett,Female,4/17/1983,false
131,rmason,49MBxAqPyLj,Frank Austin,Male,12/17/1990,true
132,aolson,UCOyjE,Ashley Ryan,Female,7/3/1941,true
133,rgray,xjBS2HmlD89o,Tammy Willis,Male,8/23/1924,true
134,aray,Ejl4d9Sanql,Douglas Carter,Male,2/16/2007,false
135,bbutler,irrMkUwC50v,Louise Bishop,Female,4/17/1965,false
136,gmiller,eSto9NF,Albert Fuller,Female,11/15/1966,true
137,jspencer,QX5otra9bo0o,Brandon Bishop,Female,9/15/1935,false
138,jstewart,qPY3jv,Gary Garrett,Female,11/18/1971,true
139,ewheeler,7Rs5ISaa93,David Williams,Male,12/5/1921,true
140,gmyers,b8RIUtC8TWTT,Gloria Welch,Female,6/7/1952,false
141,emoreno,PNbdzx,Catherine Carr,Male,8/20/1941,true
142,ewatson,XEpQBcmHPZNL,Jennifer Williams,Female,9/1/1942,true
143,bmeyer,B3gNvy,Earl Armstrong,Female,2/4/1966,true
144,gthompson,efUNgsqH,Cynthia Robertson,Male,11/1/1971,false
145,adavis,EtxYUm6,Michael Crawford,Male,8/19/2009,false
146,kfoster,SHblpy,Katherine Cruz,Male,8/21/2010,true
147,jbailey,QRSvUSgc,Christina Stone,Male,8/2/1921,true
148,jsimpson,WqDtyBH6U3Uw,Melissa Kennedy,Female,5/9/1934,true
149,ehoward,TCNoYojft2Tu,Laura Riley,Male,10/15/1971,true
150,pparker,ha9OxjAl,Sara Hughes,Male,12/20/1931,true
151,jtucker,svFDVi5,Alice Ellis,Female,11/7/1928,true
152,rcarr,Fp5lolkP,Albert Hunter,Female,10/23/1991,true
153,jcarter,R6EVXG8rw,Judy Gibson,Male,12/13/1926,false
154,rwells,vcbTcOPV,Maria Mendoza,Male,11/26/1967,false
155,jclark,ASrOhviCxUQ,Wanda Price,Female,4/8/1987,false
156,jellis,py7PilXzym1,Christopher Mcdonald,Male,10/4/2008,false
157,cbanks,YhbUjxe3,Phillip Kennedy,Female,6/30/1921,false
158,mdavis,VPRr5GeEr,Louis Henry,Male,7/12/1955,true
159,jfisher,XNKMzg,Andrea Ford,Male,6/17/1959,false
160,ecarpenter,hqtIs0fR2ZZ,Ruth Ward,Female,7/31/2009,false
161,jwillis,bwAs056,Edward Reed,Male,10/3/1963,true
162,slopez,0VT5UuTV7dWW,Gloria Lee,Male,12/13/1980,false
163,efields,ckZZTcIlpKE6,Margaret Stewart,Female,4/5/1998,true
164,eking,xdxamB1nq2y,Stephen Richards,Male,10/28/1924,false
165,nsnyder,ddveEPXBvt4,Lois Johnson,Male,8/15/1956,false
166,jfox,LgmTMov,Melissa Montgomery,Female,7/22/1941,true
167,frogers,rCo75F,Sean Lopez,Male,6/9/1963,false
168,ebrown,3jAAqt2s3gPZ,Joyce Parker,Female,7/8/1938,true
169,lwillis,7A5hQJvx,Louise Franklin,Male,9/12/1966,true
170,maustin,JQYKmghmBJ,Ralph Warren,Female,6/26/2005,true
171,creid,zyB6FfjB,Arthur Howard,Male,6/14/1977,false
172,ahanson,2lU9xRjEbb9E,Billy Kennedy,Female,8/25/1931,false
173,kfuller,Zy0Pn7y,Bobby Franklin,Male,3/22/2001,true
174,fgonzales,GntT2n,Judith Burke,Male,9/30/1933,true
175,lcampbell,DE0LIPYNKLmg,Michael Lynch,Female,6/5/1932,true
176,pmason,SVjd88Jvh,Alan Ferguson,Male,2/14/2007,false
177,jporter,yuJh2i6bjO,Keith Anderson,Female,10/18/1941,false
178,wfoster,J75WMwBEVKse,Lisa Stevens,Male,1/29/1930,false
179,ekim,9NjiJN,Carol Lawson,Female,9/24/1921,true
180,rrose,EcEpU9N,Sara Matthews,Male,2/7/1938,false
181,adiaz,6wr2O9N5Wn1,Matthew Adams,Female,8/5/1987,false
182,jhughes,bjDT0DJpAMz,Anthony Morgan,Female,8/3/1957,false
183,sperkins,I1yT5sPJ,Nicholas Black,Male,7/4/1923,true
184,achapman,cMgO7dpITd,Carol Howell,Female,10/8/1948,true
185,dberry,HFNIvHZsyp,Debra Sanders,Female,2/6/2003,false
186,ecunningham,f3fot9LZux,Phyllis Ryan,Female,9/9/1956,false
187,cfox,MO9PRafPgdF,Ronald Peterson,Female,2/26/2001,true
188,bcoleman,2aVBDXMR1nL,Jane Franklin,Male,5/11/1931,true
189,rdean,e5bDEA,Mary Simmons,Female,9/21/1943,false
190,thayes,aAxI9Vh,Catherine Richards,Male,1/12/1956,true
191,rtucker,Lv9L3X,Susan Snyder,Female,7/25/1938,true
192,gmeyer,vK7GAp7y,Virginia Welch,Male,5/3/1986,false
193,tmcdonald,kcpIXkp9APG,Mildred Garza,Male,7/9/2001,true
194,droberts,wpo1GW3T,Irene Chavez,Male,9/11/1961,true
195,mtucker,U3IsnpBg,Wayne Martin,Female,4/22/1962,false
196,tfields,HediQn9xon,Alice Gray,Male,1/29/2010,true
197,mkim,rjW7tPR,Jason Ruiz,Female,6/29/1949,false
198,jmedina,LNCRiHo,Randy Bryant,Male,12/19/1928,true
199,rmorgan,4hnyZj,Peter Simmons,Female,8/31/1928,true
200,eramos,vjL75fHOKYyu,Juan Holmes,Female,1/3/1922,false
201,areynolds,I6XPRLe,Martin Chavez,Female,4/26/1931,true
202,gramos,jynZQ5N,Janet Perez,Male,5/6/2007,false
203,rmartinez,8W9dsz4m,Samuel Scott,Female,6/14/1983,true
204,rblack,fUomMAMk52aZ,Doris Brown,Male,9/14/2000,true
205,sowens,icM8uJQQFLr,Virginia Gonzales,Female,8/8/1989,false
206,mnelson,6zUi28sQJXS,Judy Griffin,Female,12/6/1944,false
207,cmatthews,uLknhEuGMgPl,Robin Mason,Male,3/31/1944,false
208,hporter,FDCzUlc,Katherine Hudson,Female,1/29/1937,false
209,lmason,M0wPDr,Willie Romero,Male,7/29/1957,false
210,bcarr,BZQjS6WPQ,Jessica Romero,Female,10/14/1997,true
211,rrichards,PCRjzdy9f,Earl Carroll,Male,2/27/1969,false
212,aellis,DMelHHpYM3,Larry Fowler,Female,12/3/1960,true
213,hrobinson,EC2Vi0aCwKnA,Antonio Richards,Male,5/13/1932,true
214,ccampbell,Sdc6lMS,Jonathan Lynch,Female,9/10/1993,true
215,atorres,Z6EEaha,Earl Ryan,Male,3/13/1924,false
216,llopez,CIpHrO,Carlos Hawkins,Female,5/31/1941,true
217,bwilliams,JGI6Un,Pamela Reed,Male,7/19/1954,true
218,hdiaz,jAmjGFD7XeM,Paul Mason,Male,3/30/1920,true
219,jrogers,s7r6NHv,Lisa Mitchell,Female,8/15/1970,true
220,gknight,Eo39qdHz,Alan Mccoy,Male,2/22/1938,true
221,rburton,f4dOZihMIp,Christine Matthews,Male,12/20/1961,true
222,jwood,Yp9VMM0Rj,Patrick Carpenter,Male,7/26/1972,true
223,bwalker,okqUH6AENgL,Frank Hicks,Female,5/12/1952,true
224,jmyers,x0aX6yMb0,Paul Romero,Female,2/18/1943,true
225,mlane,agJprVaP0X,Virginia Clark,Female,11/23/1962,true
226,jhunter,am3cWVleLP,Ryan Hunter,Female,5/8/1948,false
227,mharrison,AmwK3gc,Alan Crawford,Male,3/11/1998,false
228,astephens,3WFs0Z4,Clarence Kelly,Female,12/2/2011,false
229,jgilbert,M7lqsN7g9SHJ,Sarah Rivera,Female,8/11/1967,false
230,cdixon,xf0v9muF,Mark Cooper,Male,9/30/2002,true
231,fperez,yiJ9rOt,James Woods,Female,2/10/1996,false
232,sbowman,L7yKVsTbp,Jacqueline Willis,Male,4/13/1964,false
233,jwilliamson,0mhEaVlmEht,Jerry Hicks,Male,1/16/1978,true
234,anelson,cs0A5j8ofgC,Justin Vasquez,Female,8/31/1938,false
235,skelly,72x3L8hFlqKr,Larry Crawford,Male,5/11/1933,true
236,jpalmer,1So9q0,Annie Nelson,Female,2/11/1963,false
237,agonzales,swrmKT8nfnCt,Gary Shaw,Female,9/11/1960,true
238,cvasquez,WVedL47oVQ,Richard Hayes,Female,6/18/1990,false
239,khughes,zITx0H,Rose Martin,Male,2/11/1960,true
240,dalvarez,S9yXWKDk6,Timothy Sims,Male,11/27/1986,false
241,garmstrong,rdOOS9GfAk,Roger Mason,Male,2/24/1957,false
242,bbailey,zE1S6e,Richard Harvey,Male,6/18/1933,false
243,gkennedy,12nJXVHWy8oh,Joe Wilson,Female,10/11/2006,true
244,tcastillo,Oah68D3ZMGru,Paul Garcia,Female,12/2/1969,false
245,jsimmons,fo2yaMiGZVdM,Jean Wells,Female,4/4/1920,false
246,ctorres,hq6ZaH5i5,Shirley Ortiz,Male,4/29/1952,false
247,mwillis,Qi6RCEanqi,Terry Mendoza,Female,10/6/1959,true
248,tbell,68O8QJ,Stephanie Harvey,Male,11/8/1992,false
249,clopez,VcmhL1urnKbP,Chris Grant,Female,2/26/1973,true
250,bstevens,IYbKGkUKn,Bonnie Gutierrez,Male,6/23/1978,false
251,smiller,6nP4YitD1mv,Sarah Berry,Female,3/17/1940,true
252,jowens,YZPpNAmN,Ryan Walker,Male,4/28/1932,true
253,ctorres,QZovWrnhhk2,Jean Ramirez,Female,10/24/2002,true
254,jhunt,LYNXavr,Marilyn Ford,Female,5/3/1999,false
255,kbarnes,ud5PN476xRZ,Ashley Freeman,Male,7/29/1945,true
256,agrant,OkeA2yqK,Theresa Olson,Female,6/29/1942,false
257,jortiz,oJLXDx7wUca,Alice Kelly,Male,12/4/1927,false
258,amorgan,GFbPEvjN,Fred Warren,Male,8/18/1931,false
259,rmatthews,e7xDQGe6VUa,Jane Henderson,Male,10/30/1969,true
260,jkim,HuuG7r,Jack Harris,Female,2/11/1956,false
261,jmorrison,ln0VdxTJ,Harry Dunn,Female,9/24/1972,false
262,rgarza,Kqj6Q5Zv5u6,Joshua Washington,Female,9/10/1925,false
263,vjohnson,jU2XKqsP67mB,Cynthia Garrett,Female,2/5/1999,false
264,wmoore,AFEi8o,Roger Reid,Male,4/11/1929,true
265,jblack,1mnTrUyw,Julie Bradley,Female,11/29/2007,false
266,jbennett,FBkP3IRQ,Debra Hicks,Male,1/8/1977,true
267,ehansen,WZZPLlm,Jeremy Davis,Male,3/10/1959,true
268,cmontgomery,AELAYiLZj,Clarence Gordon,Male,5/6/1966,true
269,jsimpson,yNjs59wrqNHS,Mark Cunningham,Male,10/31/1985,false
270,mjordan,GnSuMnAqVQFR,Patricia Adams,Female,1/15/1944,true
271,hramirez,OkHRsvoj,Carolyn Bell,Female,6/9/1988,false
272,gholmes,cbxzzW,Martha Frazier,Male,11/10/1948,true
273,eboyd,Bd1PR4jBZrEP,Joyce Gibson,Male,10/10/2007,false
274,jhart,p2h7BQZlQjc,Margaret Ross,Male,11/17/1933,true
275,jortiz,ro3kNtbi,Lawrence Barnes,Male,2/12/1958,true
276,rsimpson,8l90gfds3jp,Debra Sanders,Female,7/6/1984,false
277,kbradley,C3x0kJ,Bonnie Brooks,Female,6/15/1923,true
278,esullivan,s5soVmqhOB,Denise Knight,Male,3/12/1955,true
279,lwatkins,oAKZRqli4V,Roger Miller,Male,4/13/1954,false
280,hbell,rA2v9N,Steve Lee,Male,12/6/1952,true
281,rgonzalez,mwOL9QCl1b,Alan Miller,Male,12/13/1956,false
282,hholmes,Z9qYB5,Brenda Lewis,Female,5/25/1929,true
283,lramos,N5SDIwedM,Nancy Rice,Female,12/18/1952,true
284,rjones,pmzqtVmbX,Anne Cruz,Male,7/1/2005,false
285,hhayes,tsQLRU4J,Gerald Scott,Female,6/11/1976,true
286,bwarren,BTsIymQsOv,Jacqueline Snyder,Female,3/13/1940,true
287,holson,EhluDQcD9,Anthony Martin,Male,8/14/2008,false
288,jlawson,kmjU87cbYOaC,Melissa Castillo,Female,8/23/1934,true
289,jwebb,Yz9iyZlK,Jose Warren,Female,1/21/1922,true
290,pbanks,vpzGSdZUKfhK,Cheryl Anderson,Male,7/28/2006,true
291,nsimmons,PvgYudrFU,Martin Crawford,Female,7/26/1929,true
292,dbrooks,CC33xp,Lori Hart,Male,5/29/1989,false
293,pgeorge,Rb0OYI,Irene Ferguson,Female,4/10/1985,true
294,srichards,9mpTA8frg8I,Raymond Powell,Female,2/6/1921,true
295,bsanchez,mDBSYj,Joe Torres,Female,8/24/1982,false
296,cwallace,RyX1fw6y6sX1,Carl Torres,Male,7/8/1952,false
297,eolson,A0j2TY,Tina Fernandez,Male,5/11/1964,false
298,jrobertson,FahYBX1,Joan Rose,Female,8/26/1984,false
299,jfernandez,CPqOBtEQU6,Roger Hicks,Female,11/27/2000,true
300,agray,flqZUVqY8n,Matthew Riley,Male,5/1/1953,true
301,rjohnston,ycP8kt99Ue6,Joseph Allen,Female,3/17/2009,true
302,dstone,TFFJL77WTIpv,Eric Nichols,Female,6/20/2009,true
303,achavez,TEaLukp,David Gomez,Female,9/30/1958,true
304,jsmith,UB8ZeGec0O,Fred Riley,Male,11/17/2013,true
305,sgibson,k8AF7rnRy,Rachel Garza,Female,3/28/1945,true
306,cbutler,P59fpvrT,Pamela Cook,Female,2/2/1990,true
307,smorales,xAwcbqlPj,Judith Wilson,Female,3/8/1962,false
308,jbishop,8MAiiVl,Sharon Long,Female,4/23/1957,false
309,rcarr,SYYMWX0F9,Christine Evans,Male,4/11/1978,false
310,wwallace,08ru6Z3,Joyce Rivera,Male,3/19/2010,true
311,gboyd,8jpqyXzgzR,Catherine Schmidt,Male,5/10/1947,true
312,jspencer,Y6ep2GktktV,Cynthia Wood,Male,1/28/1991,true
313,wnelson,j0ukMk,Katherine Coleman,Male,11/1/1949,true
314,wdean,BDl12TVY,Shawn Crawford,Female,1/21/1971,true
315,jstanley,Q6gC1O3t1J,Shawn Hart,Female,7/3/1951,true
316,gramirez,HYIQW23KgtPX,Charles Matthews,Female,7/16/2005,true
317,tpayne,UV2kgp3n,Walter Ray,Female,7/14/1958,false
318,hsimpson,ss5BVoUYRV8,Julia Lewis,Female,4/29/1964,false
319,emitchell,S92BMZnRwPS,Albert Robertson,Female,8/28/1925,true
320,rpayne,PA7GxgydMEhK,Christina Hicks,Female,12/6/1994,false
321,amatthews,NngLC1UOn,Carol Watkins,Female,12/1/1983,true
322,jthompson,39eVvwtZ,Laura Powell,Male,11/1/1978,true
323,nharper,AQVmb2Og0,Nancy Boyd,Female,8/2/1947,false
324,bmcdonald,jorsuF,Steven Thomas,Female,1/6/1949,false
325,mgreene,UwMa3Q,Amy Adams,Male,3/5/1940,true
326,rking,Du2qFYki,Betty Kim,Male,3/1/1970,true
327,rrice,tzJybs7L2JLF,Wayne Williamson,Female,4/9/2012,false
328,jbowman,yo2TwVeOM,Terry James,Female,6/7/1963,true
329,awatson,3MZQyhSLF,Louis Stewart,Male,12/18/1989,true
330,rowens,D7xmYdT,Robin Cooper,Male,10/9/1947,true
331,tstevens,qLSZr3wZGq,Phillip Harper,Female,7/25/1983,true
332,thart,eOeQi2yE5,George Cunningham,Male,3/5/1997,false
333,phall,dxmRDlKy8f,Charles Gutierrez,Male,11/15/1978,false
334,aweaver,grt7OJNlk,Earl Roberts,Male,6/18/1965,true
335,tanderson,JzGLNvit,Russell Webb,Female,6/16/1970,false
336,cford,LGjz3sp,Todd Phillips,Male,11/30/1994,false
337,tmorrison,jC0QAINj9YVE,Jeremy Edwards,Female,5/9/1944,true
338,ksimpson,pVuls5Kegoxd,Benjamin Medina,Male,10/6/1945,false
339,jgarza,TulBWa2fHW,Ralph Wood,Male,9/3/1945,false
340,jhoward,hKA2xvoVdiB,Carlos Brown,Male,9/15/1981,true
341,hmoreno,tykrLaXbK3YW,Anne Lewis,Male,9/18/1947,false
342,rmitchell,wyNU9cTUFgg,Donald Carpenter,Female,2/24/1991,true
343,hdavis,CanwcPGPh0,Jesse Murphy,Female,3/9/1978,false
344,jburke,QeP7Ccq,Edward Ramos,Female,2/25/2004,true
345,sellis,Fcc1cUg3gI,Annie Berry,Male,11/27/1972,true
346,mflores,w7BInt,Brenda Ramirez,Female,9/7/1985,false
347,rlawson,323cRq,Fred Brooks,Female,12/28/1929,false
348,pjohnston,tiAOTI,Joyce Fowler,Male,11/30/1997,false
349,shill,rmzMQP,Roy Gray,Male,7/22/1999,false
350,blawrence,Cbl4ytB9ABiX,Phyllis Woods,Female,6/7/1929,false
351,gsanchez,c2j4W4krhyR,Howard Peterson,Female,8/5/1925,false
352,jhernandez,975EobvwQ,Patricia Dunn,Male,10/30/1970,false
353,jbarnes,Azsj7vHwLyi,Marie Morrison,Female,7/27/1948,true
354,jknight,lPUROnnY,Norma Flores,Female,9/18/1939,true
355,mfrazier,OzvCsx,Annie Rivera,Female,7/12/1950,false
356,rknight,1VAe1liIy1,Gary Bishop,Male,11/12/1960,true
357,ccrawford,yGtps7,Michelle Allen,Male,8/24/1968,false
358,jbailey,gijuJYY6YJF,Brenda Nguyen,Female,5/29/1928,false
359,astewart,6PNELj2,Matthew Boyd,Male,12/1/1983,false
360,drussell,qNKFe69,Anthony Gilbert,Female,2/23/1988,false
361,jwood,i72vPlezF9Sl,Brenda Payne,Male,5/28/1978,false
362,mreynolds,Olj2YMTg6T5t,Kimberly Willis,Female,7/5/1976,false
363,jgarza,woReZkeIo,Raymond Cox,Female,4/13/1980,true
364,abarnes,z47BXNf,Brenda Lee,Female,6/5/2005,false
365,ecarroll,xbGG1MKW,Nicholas Gibson,Female,7/5/1994,false
366,jsnyder,oDsa0o,Daniel Montgomery,Female,10/29/1973,false
367,rreed,ud3KjK,Samuel Grant,Male,11/7/1976,false
368,rallen,xdDvTeMVHBsa,Nicholas Andrews,Female,5/4/1951,true
369,dhanson,vzeZAru4EtM,Joe Palmer,Female,5/29/1947,true
370,dadams,69ktK9zKdtoe,Tina Bryant,Male,8/4/1952,true
371,acunningham,7w34YRpF,Ralph Bowman,Female,6/7/2004,true
372,srussell,uZ125igCBdyU,Angela Reyes,Male,6/26/1981,true
373,mcole,LI8n6d8Dzp3N,Irene Sanchez,Male,7/7/1999,false
374,pbell,AaugNvGle0pd,Sharon Larson,Female,5/15/1976,true
375,srogers,8u1goEZU,Gloria Burton,Female,7/5/1922,true
376,hgonzales,gi3DPkwFDUqw,Clarence Myers,Male,5/11/1969,true
377,jlittle,fFqJx8a,Kimberly Tucker,Male,8/25/1981,true
378,sray,ZbsJOGwSXV,Keith Reynolds,Female,2/11/1985,true
379,aramirez,38I2bwLF,Denise Ramirez,Female,6/4/2000,true
380,hstewart,YoRwB57iXxg,Mark Brooks,Male,9/24/1964,false
381,fgriffin,h8v0NXDmwg2b,Martin Chavez,Male,10/12/1982,false
382,sgomez,tvzymPwjQ,Johnny Ferguson,Female,5/13/2005,true
383,mlewis,RrEvjw0kZsn,Joshua Kelley,Female,9/21/1974,false
384,gtucker,Vlvufiqp,Eugene Crawford,Male,8/26/1921,true
385,jdixon,7tcyp4uYyFOR,Fred Stephens,Female,6/25/2006,true
386,arogers,1RBG6B7x,Alice Ramos,Female,10/12/1962,true
387,jhoward,OEawiH4Et,Wayne Garcia,Female,10/3/1973,true
388,rgarza,I2weguzphJ,Philip Young,Female,2/7/1931,false
389,jsanchez,oLS13wDjJ4u,Frances Carter,Female,8/24/1925,true
390,elee,Oo1BcMvKp,William Robinson,Female,7/31/1979,true
391,pperkins,RcJ4PCp,Jesse Evans,Female,11/5/1977,false
392,sflores,exWAfLE9MHI4,Larry Turner,Female,10/17/1960,false
393,jbarnes,IOXZj6I,Cynthia Bradley,Female,2/8/1972,true
394,jscott,Fc8XGLXp4,Jesse Carter,Female,9/24/1963,false
395,jcox,VYozsAGThi,Jack Rice,Female,9/1/1957,false
396,kdixon,gzzwzzrYvbJb,Evelyn Gonzales,Female,5/7/1945,false
397,epatterson,TknOi3,Keith Lewis,Male,2/9/1964,true
398,fmitchell,HWUMVS8IH,Jimmy Kelley,Male,4/9/1944,true
399,parmstrong,RHUYpN4v,Randy Jacobs,Female,4/1/1984,true
400,lelliott,5Uhem4PAv,Bonnie Hill,Male,8/12/1947,false
401,cryan,PEJDt7L,Julie Woods,Female,8/17/1954,true
402,hdaniels,hv8Po3,Elizabeth Palmer,Female,5/26/1939,false
403,rbrooks,ld8aTRQgbyqV,Russell Hernandez,Female,6/26/1923,true
404,rlawson,JyO9xX5R,Sarah Castillo,Female,9/14/1934,false
405,rmorris,K4hp1xrc,Larry Ryan,Male,1/15/1920,false
406,mmoore,prhNZDIr6Fs0,Paul Taylor,Female,10/27/2008,false
407,jday,3f5W4x,Virginia Wheeler,Male,11/6/1991,true
408,smurphy,viPVMgJs,Ernest Wells,Male,7/28/1947,true
409,charrison,53Ku562a,Tammy Mcdonald,Male,11/6/1991,false
410,wtaylor,UaUzAN2ZQM,Linda Hill,Female,2/25/2007,false
411,adixon,Q1hlFLQ,Kathleen Richardson,Female,9/1/1950,false
412,cbarnes,nWyy4LwhXD2U,Rachel Shaw,Male,9/12/1932,true
413,sdunn,bM04N5,Bobby Cruz,Male,9/15/1999,true
414,mwarren,o1fXBUpSfi0,Timothy Wagner,Male,5/30/1947,true
415,egriffin,X3m1tT0U4Nlk,Stephanie Williamson,Female,4/4/1943,true
416,rhall,QZJnW0p,Kathryn Hunter,Female,2/4/1967,false
417,jwagner,auz3PyTfHwP,Mildred Perry,Male,9/26/1974,true
418,rthompson,AOMTkVqYBcw,Diane Black,Male,11/9/1996,true
419,rbrooks,lIgfchN2,Carol Rodriguez,Male,5/15/1998,true
420,jruiz,Gxwug1hvKGF,Howard Cox,Male,12/4/1992,false
421,dkennedy,AGw8Pz0OPs,Jeffrey Patterson,Female,10/4/1928,false
422,bmitchell,i9SrKPBQlmAV,Joshua Kelly,Male,3/21/1931,true
423,jgonzales,nXZLjZI,Tammy Mccoy,Female,11/15/2002,false
424,cmurray,XyLN1T,Judith Collins,Female,10/30/2003,true
425,jgordon,TTvKLz,Karen Porter,Male,10/1/2011,true
426,pburns,qSmhW5X0Fd9L,Daniel Jenkins,Male,3/6/1961,false
427,dmccoy,Wsl0oME,Gerald Cooper,Male,9/20/1936,false
428,dcastillo,KKdomi,Aaron Stevens,Male,4/20/1954,true
429,lmills,4IJGCKRL6SGY,Richard Taylor,Female,10/12/1933,true
430,krice,z0sSVraguyG,Annie Perry,Male,6/11/1958,true
431,walvarez,UejJXRLyK,Aaron Fields,Female,1/12/1948,false
432,cmcdonald,e28OBReWxG,Carlos Lewis,Female,7/12/1988,true
433,asullivan,bMsErdgQS,Stephanie Scott,Male,6/6/1995,false
434,bday,RBnx5KLBMmXO,Paul Fernandez,Male,12/10/1936,false
435,pbryant,2IJO13kU,Benjamin Hudson,Male,1/3/1977,true
436,jkim,coQkJWTFKpEr,Anne Alvarez,Female,3/10/2007,false
437,jsimmons,D0Ozxty,Juan Fowler,Female,3/21/1993,true
438,rrice,1krzyESf,Carl Thomas,Female,7/17/1978,false
439,jmills,CSXJuB,Adam Harris,Female,6/3/1970,true
440,hhunter,hJ691HW1vr,Jeremy Gonzalez,Female,1/11/2005,true
441,jmiller,hnkENHqckmlN,Ann Reid,Male,3/2/1926,true
442,joliver,aE3yiQG,Douglas Griffin,Female,6/8/1944,true
443,afrazier,jNmowGUNOezI,Shawn Hart,Female,5/6/2006,true
444,kramirez,djXXhE6AZ,Ashley Price,Female,1/2/2004,false
445,bcarr,ZtURhP9hihs,Elizabeth Perkins,Female,7/31/1955,false
446,jweaver,biAjK2MdwjNi,Martin Phillips,Female,7/13/2002,false
447,epatterson,TrzPnqH,Martha Washington,Female,2/23/1970,true
448,jgreen,HP3iK7L0,Janet Boyd,Male,6/24/2011,false
449,jhowell,INcFA6O7Tut,Wanda Wallace,Male,8/21/1962,true
450,fwalker,JrKKRgq1PA,Judith Richards,Male,7/10/1996,false
451,jbailey,pqCAbM,Amanda Larson,Male,7/2/1967,false
452,amurphy,s1fgvwZ,Lawrence Johnson,Male,5/25/1959,true
453,jadams,VgvYoOxC2,Patrick Stone,Male,10/25/1925,false
454,tclark,DStL7K7K,Johnny Wagner,Male,7/29/1949,false
455,dwallace,a2E0rgs,Chris Garrett,Male,10/19/1956,true
456,parnold,M05w08Xqn2cI,Todd Foster,Male,12/1/1976,false
457,aevans,sqTZ7PVnY,Jacqueline Wheeler,Female,6/7/1935,true
458,cmurphy,Z9fKg6xp,Angela Simmons,Male,10/11/2013,true
459,ealexander,ffCAMFn8Yrk,Philip Knight,Female,10/31/2013,true
460,melliott,oNsNnE,Samuel Duncan,Male,3/25/1996,true
461,jwilliamson,2is8vzxo,Doris Boyd,Female,4/4/1923,false
462,jstephens,4LumI34xXk,Annie Reid,Male,6/20/1990,true
463,egordon,q1CboJ6WyB9c,Stephanie Campbell,Female,9/23/1932,false
464,rspencer,P7mmN6YP5,Jerry Frazier,Female,2/23/1937,true
465,arichardson,ixbi5G,Judith Wagner,Female,4/9/1983,true
466,pbrooks,KOrDtfBa1w,Fred Spencer,Female,2/14/1961,true
467,dhayes,yyBLAOff,Dennis Fields,Female,1/25/1934,false
468,csimpson,8DkeSaz,Donna Foster,Female,6/29/1985,false
469,kgreene,y95j2PfV2H9,Jeremy Russell,Male,7/16/1982,false
470,wdaniels,EMuDBO47tzJ,Cynthia Cook,Male,5/14/1977,true
471,dreed,Q4WuUEW9,Billy Foster,Female,8/30/1929,false
472,gbanks,mngwb12,Brian Dunn,Male,10/22/1930,true
473,cmoreno,S8LLGxmLEeIa,Ann Fuller,Male,5/5/1986,true
474,mrivera,22in28Cl,Jose Gibson,Female,11/16/1965,true
475,ecoleman,nw5EBbW,Alice Baker,Female,12/25/1935,false
476,jsnyder,cMZo9lhfU,Douglas Garza,Female,8/11/1942,false
477,ealexander,34HgwoboZ4,Anna Boyd,Male,12/15/2006,true
478,wmorris,3hwFWkIu9Dkl,Irene Larson,Male,11/24/1971,true
479,jgray,Kgm6hwN,Ann Pierce,Male,5/7/1984,true
480,chayes,C6NOVH,Lisa Miller,Male,2/26/1989,false
481,jbradley,xK8TD6E5U,Sarah Gutierrez,Female,9/26/1936,true
482,jalvarez,XVTxuvnLzqbL,Joyce Crawford,Male,3/22/1976,false
483,lortiz,3Hj5dvk,Virginia Lee,Female,9/3/1960,false
484,kpowell,dPe3tk4,Amy Walker,Female,1/21/1949,false
485,tray,JPiCXL,Marilyn Watkins,Female,5/4/1963,true
486,scunningham,UDd2F5,Christina Johnston,Female,12/20/1969,true
487,kdaniels,IJ07Ibz,Ryan Richardson,Female,7/15/1947,false
488,aschmidt,3Gw3YuBkov2d,Doris Andrews,Female,2/25/1930,true
489,jfranklin,1tCicUu0,Kathryn Gilbert,Female,8/22/1955,true
490,sross,jOFSSU,Rachel Watson,Female,8/8/1963,true
491,bsimpson,i8i6pm9p,Kathryn Russell,Male,8/8/1975,false
492,jhall,MxyywcDl,Antonio Stevens,Female,3/18/1931,true
493,elee,OmARPjN,Bonnie Larson,Female,10/4/2013,false
494,jhansen,I9kzmnxmF7K,Albert Lawrence,Female,11/30/1921,true
495,bferguson,NjwSuZ9mF,Kenneth Lopez,Male,7/5/1931,true
496,parmstrong,papKe31,Stephen Williams,Male,10/25/1997,true
497,erodriguez,5yx2wy2FoJma,Jean Adams,Female,10/20/1921,true
498,dphillips,qP1YTp,Sandra Nguyen,Male,3/31/1985,true
499,gward,aek0Tk0,Donna Matthews,Male,1/25/1931,true
500,alittle,KKyM79,Scott White,Male,8/11/1930,false
501,jlynch,q13oGogS,Chris Duncan,Female,12/4/1936,true
502,cmarshall,nfRKSZ,Jerry Cunningham,Female,7/30/1985,false
503,mmitchell,yJ2i8Q,Stephen Ruiz,Female,6/11/1952,true
504,hstone,N2iLzcM,Brenda Knight,Female,5/31/1990,false
505,creynolds,Tuarqc,Irene Wallace,Male,10/13/1946,false
506,bpeters,jTGmLl4ZB,Larry Fuller,Female,7/9/1943,true
507,scunningham,F3QznyFH6Z,Bobby Peters,Female,10/21/1949,true
508,dfreeman,EfFMUdJ,Ashley Matthews,Female,4/25/1999,true
509,sroberts,6HQ3pq,Ralph Vasquez,Female,5/4/1970,true
510,cmedina,Qhkb4Mj,Mary Brooks,Male,8/13/1951,true
511,scampbell,Vx4S5w3a8l,Catherine Sims,Male,11/30/1966,false
512,hblack,710UGUio,Katherine Montgomery,Male,5/8/1938,true
513,fbryant,ziIURBv,Virginia Stewart,Male,8/30/2008,true
514,jwarren,ojWjev,Carol Alvarez,Female,12/4/1942,false
515,jkelly,RfgJeTH,Daniel Cunningham,Male,11/25/1943,false
516,jjordan,yeLFzdtN,Dennis Davis,Female,11/17/1992,false
517,charvey,r88VpD1,Jimmy Berry,Female,1/17/1931,false
518,jaustin,h20xy4r08hLc,Beverly Butler,Male,1/21/2002,true
519,bthomas,Usp7ifAiC0,Howard Parker,Female,8/7/1932,true
520,jward,BYgrd5bKnRst,Frank Armstrong,Male,8/6/1999,false
521,hparker,Fu98yS7,Annie James,Female,1/3/1977,false
522,mboyd,64rfFDm13i,Amy Wright,Female,3/1/1980,false
523,cward,vLg4fucEzn,Carl Greene,Male,7/15/1994,true
524,kmills,ZkDSv3rZGSG,Paul Evans,Female,2/8/1987,true
525,bmiller,K8WxWU6,Robin Phillips,Female,9/23/1921,true
526,jlynch,IgQ2kKl1sm,Sean Nguyen,Male,5/18/1953,false
527,sperkins,6Tzdqg0Gk5k2,Margaret Rogers,Male,5/18/1966,false
528,hgrant,oRXlrdRdQ2tT,Frank Harris,Female,2/11/1966,false
529,rbarnes,Wbcq92DXx,Jesse Gomez,Male,12/14/1967,true
530,cgreen,uPeLv0,Edward Howard,Male,1/7/2013,false
531,cgardner,n5zaA8r,Frank Alexander,Female,5/3/1929,true
532,jdaniels,1eMaA7MerkC,Kathryn Ellis,Female,8/5/1987,true
533,acarr,O4pt5xk,Ronald Bennett,Male,1/4/1977,true
534,fjenkins,2pOf4PWGCH62,Kevin Cox,Male,7/22/1976,true
535,jwatkins,GktDduMS,Barbara Johnson,Male,6/9/1945,false
536,jyoung,8TQx2J5O6SI,Arthur Gibson,Male,6/19/1933,true
537,folson,F9nVvXim,Ruby Evans,Female,10/6/1967,true
538,aaustin,LI152sqJ,Stephanie Payne,Female,2/1/2005,false
539,gellis,GxU0STmttix,Tina Roberts,Female,9/17/1968,true
540,jdean,Udp1RylDNxK1,Nicole Ford,Female,9/24/1966,false
541,kmorrison,HeQF2xOCkbG,Arthur Diaz,Male,9/8/2006,true
542,cdaniels,5WAVa6zf,Diana Welch,Male,3/22/1994,true
543,echavez,kMsXFgTsUccC,Alice Andrews,Female,6/29/2002,false
544,gtucker,N3LEMA,Andrea Webb,Male,4/28/1979,false
545,rhughes,HWIaf9kY,Eugene Owens,Female,3/29/1936,false
546,rhill,R8nz2j54RDkW,Louise Greene,Female,2/5/2008,true
547,hfoster,LtZSSz2ku,Steven Jordan,Female,1/5/1968,true
548,creid,J1dFI4fk,Christine Fisher,Male,2/18/1921,true
549,cperkins,N6sBmtYU,Larry Lynch,Male,4/19/1970,false
550,phawkins,9n0ctJgB4GS,Roger Martinez,Male,5/9/2007,true
551,ahernandez,sQvXi4fH,Jesse Burke,Female,7/8/1982,false
552,raustin,70oaOJP,Victor Washington,Male,8/28/1943,true
553,rburke,PdSEfvzl,Nicole Greene,Female,4/16/1971,true
554,ajames,afVfyZm5Tv1X,Alan Simmons,Female,9/29/1967,false
555,rfrazier,OvyvHTQq,Fred Bailey,Male,6/21/2010,false
556,scrawford,PomqrwLM,Joshua Gibson,Male,5/25/1968,false
557,jcarpenter,mq3ZPfOIb,Bonnie Harper,Male,7/16/1980,true
558,pkelley,tOImf5,Paula Sullivan,Male,3/4/1968,true
559,ralexander,9wTREkLE,Dorothy Dunn,Male,6/25/2011,true
560,acook,W0uh0rDX,Shawn Fowler,Female,7/17/1940,true
561,dhudson,uHjOYInl3Cyt,Mark Collins,Male,10/7/1966,false
562,fhunter,Rt7ICr,Bobby Johnson,Male,7/29/2011,false
563,rhenderson,N6iynD9L67o,Jessica Sanders,Male,6/3/2013,false
564,swarren,UxqylynJcv,Sean Rose,Male,2/20/1977,true
565,kbrown,5tLOfvRxolIw,Joshua Garza,Female,6/13/1985,true
566,rreid,Igv72B6PC,Timothy Hill,Male,4/24/1970,true
567,cbryant,DTiW07O,Janice Little,Male,11/25/1986,true
568,rhawkins,yTGFmEGwv,Dorothy Murray,Male,8/23/1949,false
569,apeters,sBax0N,Rebecca Evans,Female,12/7/1954,false
570,aoliver,XR3wEld,Russell Chavez,Female,12/13/2000,true
571,flawrence,haEQMp4K,Joshua Lopez,Female,11/5/1962,true
572,rwhite,sNXyVDUD09W5,Nancy Ryan,Male,10/27/1999,true
573,erivera,69uuKYYBW9V,Justin Lopez,Male,9/14/1933,true
574,aarmstrong,zcuDKU,Deborah James,Male,8/28/1935,true
575,jellis,FCZbDnF9,Kathy Wells,Female,7/31/1997,false
576,sgarrett,IWDmT6c,Marie Brooks,Female,12/3/1980,true
577,wlee,6MeDkTzRN,Linda Burke,Male,11/7/1946,false
578,eknight,OCSnGdA,Keith Greene,Female,7/9/1944,true
579,charrison,iBvuFScp4iqU,Lillian Lawson,Male,10/24/1956,false
580,jcarpenter,6ZIAcCAh6VC,Joseph Williamson,Female,3/7/1979,false
581,tellis,nKTEb6ww5dO,Doris Snyder,Female,4/17/1944,true
582,jfrazier,AfBZqCiOT,Sean Moreno,Female,12/14/1952,false
583,wgardner,PBtmwHW5B,Diana Hansen,Male,10/4/1927,false
584,fstanley,Scqvklha4tW,Bruce Montgomery,Female,1/29/1988,false
585,nspencer,XqXU2ij2xf2,Ronald Fernandez,Male,1/6/1959,false
586,rortiz,qOSgs91sI,Daniel Wagner,Male,1/7/1972,true
587,tharrison,oq5xd0xenJYh,Henry Peters,Male,11/16/1965,true
588,cpayne,Er0Q0w96RFo,Joshua Wells,Female,7/29/1938,true
589,slee,4Mf1Rdx,Theresa Myers,Female,3/26/1965,false
590,mgutierrez,IuWfiKQ6,Christina Allen,Male,12/20/1995,false
591,jevans,FKdtrqSc85,Michelle Morales,Female,4/30/1966,false
592,charrison,3VtnlFATwuNs,Carol Woods,Female,5/5/1945,false
593,jhenderson,hGrM7KYetdQ,Angela Brooks,Male,2/19/1944,false
594,dalvarez,ZWDW7oi6,Antonio Jones,Female,9/28/1936,true
595,pgibson,nHNHaJ5E,Jimmy Powell,Female,11/4/1980,true
596,jthompson,frZjVnU,Donald Berry,Male,8/20/1920,false
597,jjackson,TH4HnFOPs5,Edward Romero,Female,1/2/1963,true
598,sstewart,2GgE6TT2ZS,Mary Hicks,Female,5/7/1922,true
599,jfields,6BYEmI3Cb3fc,Heather Price,Male,9/11/1924,false
600,pkelly,X7ygQujGAGhC,Steven Warren,Female,8/24/1953,true
601,abradley,R2ymDU9i,Tina Watson,Female,6/7/1982,false
602,jkelley,480uslk,Howard Fields,Female,10/30/1945,true
603,bturner,tmWSCuLb,Christina Carpenter,Female,2/21/1981,false
604,dward,RajgJhAk5m6,Eric Rose,Male,3/13/1950,true
605,alane,VuaU7sPbz,Steve Turner,Female,7/18/1976,false
606,adaniels,4Cirb1p2RxAP,Chris Ray,Female,7/27/1942,false
607,sbutler,OwnBjSh9S8a,Ernest Bradley,Female,8/12/1929,false
608,jromero,nyzu3L2dy,Frank Nguyen,Female,7/22/2008,false
609,tgraham,TesYJS,Roy Wagner,Female,11/30/1962,false
610,jruiz,xrxecpRP3,Sharon Bailey,Male,8/27/1948,true
611,wmyers,GEbzyLp98,Alan Turner,Male,7/5/1957,false
612,rfuller,Ryp7CuWRcD,Maria Collins,Female,1/29/1968,true
613,wfowler,L2ZtnmS,Jesse Crawford,Male,8/16/2008,false
614,bjordan,xk6ziVzlxnp,Johnny Garza,Male,7/6/1937,false
615,wdavis,Aufq7ZMNn8RQ,Sandra Hanson,Male,4/16/2008,false
616,tmcdonald,XIoStmroB7ol,Pamela Perez,Male,3/15/1998,true
617,hwheeler,F7f2Vm,Willie Ramos,Female,1/17/1956,true
618,jmyers,oCvf4advrl8P,Jason Ray,Female,8/29/1994,false
619,pmiller,LSwsGyPj94,Nicole Mitchell,Female,11/10/1972,true
620,rjacobs,S0XWC2,Benjamin Wagner,Male,5/25/1943,true
621,cowens,UqoPpfl16,Albert Dean,Male,3/31/1920,false
622,vbutler,GUXb1il,Gerald Sullivan,Male,1/31/1949,false
623,rlee,d17f3UX,Barbara Gordon,Male,9/18/1982,false
624,rreid,Cwmx6c,Bobby Boyd,Female,12/19/2007,false
625,wjames,ztqTxsRl09q,Cynthia Flores,Female,1/19/1934,true
626,galvarez,208ohS,Todd Hicks,Female,5/5/2002,true
627,jgreene,QOpcAdG,Kimberly Marshall,Male,9/9/1973,false
628,caustin,sKnpA9N7W57H,Kathleen Stanley,Female,7/27/1934,false
629,dpierce,5nPu50,Bruce Oliver,Female,10/19/1971,false
630,jcastillo,gR2ZDGsy4,Lisa Ward,Male,6/30/2012,false
631,phawkins,DvuXYOcZpBT,Gerald Butler,Female,9/15/1927,true
632,rgomez,C5l5trDULN,Victor Gonzales,Female,9/23/2013,true
633,agilbert,DVEsZtkC34j,David Thomas,Male,6/4/1989,false
634,rreed,hit2HdWvrrt,Louise Simmons,Female,9/16/1989,false
635,jhughes,Yw0xVP6ZKC,Jean Williamson,Male,6/20/2013,false
636,wbaker,HT1wJVVt8Zn,Carlos Vasquez,Female,5/2/1922,true
637,jwagner,asdRVmf,Susan Mendoza,Male,3/1/2011,true
638,promero,zngS3yJ5c,Gerald Warren,Male,2/26/1950,false
639,rgreen,AHr2Bv1V2,Theresa Bishop,Male,9/3/1925,true
640,cdavis,7nFWKq,Russell Collins,Male,11/30/1974,false
641,mparker,XWmBdmYzm,Bruce Murray,Female,10/26/2006,true
642,bscott,UvyeDB36jPAS,Amy Powell,Male,8/19/1984,false
643,sprice,iGMOEf4,Anne Pierce,Male,3/19/1925,false
644,probertson,APgklS4yFA,Daniel Clark,Male,9/27/1940,false
645,cmedina,IBn5UhS1dO5,Jonathan Simmons,Male,7/24/1926,true
646,jdiaz,Gofwm4TkG9,Louis Palmer,Male,6/13/1923,false
647,whudson,gbHAME01U3PQ,Kenneth Owens,Male,8/17/1965,true
648,emontgomery,zrMe01nPIz76,Tina Howell,Male,12/30/1922,false
649,jjohnson,3rzKWD0D4Ih6,Scott Oliver,Male,10/22/1933,false
650,sdaniels,PreTFqr5p0,Jean Bradley,Male,1/3/1923,false
651,cferguson,5INjjiwAw,Ernest Wagner,Female,8/24/1953,true
652,gknight,cC7VcdgL,Aaron Hunt,Female,2/17/1926,false
653,bgarrett,fYxYNrA8ad,Harry Wood,Female,12/6/1925,true
654,phicks,VCArdorS,Norma Henry,Male,7/8/1929,true
655,cfuller,UsbQqODRR,Justin Morgan,Male,2/6/1976,false
656,thughes,c6deOxGRIE,Charles Rose,Male,12/17/1931,true
657,cedwards,CVTnhB8VgABi,Ralph Barnes,Female,12/18/1961,false
658,mbutler,ogiEYEbfO,Steve Snyder,Male,10/2/1984,false
659,sturner,2Gx4qCkSSW,Joyce Ferguson,Female,12/19/1992,true
660,jlawson,RZU3saIR3x,Jonathan Rogers,Male,5/23/1931,true
661,lgonzalez,conpweoFq,Amanda Cooper,Female,6/2/1981,true
662,dmeyer,jvQtAsyxibYT,Paula Cruz,Male,1/27/1958,false
663,cferguson,uwLcXwqLgD,Theresa Anderson,Male,11/29/1961,true
664,kflores,ghyVpWe1DFw,Juan Chavez,Female,1/18/1922,false
665,dclark,zVOqlwKbLwId,Billy Campbell,Male,9/20/1945,true
666,areyes,6pFkZnsO3gD,Gary Miller,Female,10/6/1930,true
667,gmoreno,Yl9UjIm,Nicholas Chavez,Female,10/29/2010,true
668,egilbert,Ned4ZQ5V,Gregory Long,Male,5/22/1961,true
669,acollins,VlRDGZtDNyV,Wanda Perez,Male,1/27/2008,false
670,mhughes,kzwwFqky8i,Jimmy Edwards,Male,8/24/1945,false
671,wkennedy,M8lVEuoWG53,Emily Snyder,Male,11/29/1971,false
672,cdunn,oCCeW2j00,Jacqueline Austin,Male,6/27/1950,false
673,erobertson,w4dYOqwZf9,Helen Grant,Male,5/7/1924,false
674,cgomez,1MyC4P,Aaron Nguyen,Female,1/22/1974,false
675,dmyers,KkiItgQUUba4,Rebecca Garrett,Female,4/27/1964,true
676,dhamilton,mHf8Qebu,John Weaver,Female,9/20/1951,true
677,jfrazier,YvllMy,Norma Berry,Female,11/19/1982,true
678,nwalker,Lt7RZJVu,Ruby Richards,Female,7/19/1954,true
679,gbishop,OIWzBJYnPWUZ,Christine Scott,Female,2/7/1955,true
680,nsimpson,9MTt5ut73D8I,Sandra Wells,Male,3/18/2012,true
681,rsimpson,u6dqWm,Annie Lawson,Male,5/15/2013,true
682,lbrooks,lqBuQf,Carol Graham,Male,2/8/2009,false
683,rthompson,XNIbdw,Heather Morales,Female,6/14/1928,true
684,tgomez,oskty3LP,Earl Grant,Male,5/5/1982,false
685,bdavis,GkOxQ4O,Harry Williamson,Male,2/6/1942,true
686,dlawson,2UP9dAudCvGB,Stephen Johnson,Male,2/8/2014,false
687,hhart,Mhu2q4,Annie Alvarez,Male,2/10/1926,false
688,jholmes,TonwR0wbZ,Wayne Martin,Female,3/26/2004,true
689,slewis,BlOCY8GceAw,Ruby Garcia,Female,10/10/1978,false
690,wwarren,L2lkuwKMPQj,Donald Freeman,Female,11/22/1927,false
691,awhite,4XJ3vcu,Ernest Greene,Male,11/20/1986,true
692,mwalker,JT7jaDz,Jacqueline Gonzalez,Male,12/2/2001,false
693,snguyen,G1dNYn77KP,Christina Sanchez,Female,7/17/1982,false
694,rmitchell,SPPqn2LoWP,Jose Montgomery,Female,12/31/1930,false
695,dcollins,SMpW7c5,Christopher Campbell,Male,7/16/1951,true
696,achavez,XZLgPEI9t25P,Gloria Robinson,Male,1/23/1965,false
697,wknight,pTJy2uX4VRx,Samuel Johnston,Male,7/26/1979,true
698,mrodriguez,A3zQ7qu0RaK,Patricia Chapman,Female,11/21/1937,false
699,pgreen,cRiJEpNLZ,Clarence Wood,Female,7/29/1981,true
700,jreed,wK4iAe4eWue,Amy Bishop,Female,2/14/1973,false
701,ariley,ZSMGea,Victor Bowman,Female,5/8/1960,true
702,jmoreno,ZtX0jYFlB,Kevin Snyder,Male,4/14/1987,true
703,pcampbell,siNGp3Ncy,Helen Wilson,Male,8/1/1996,false
704,rhanson,m0zHej,Adam Olson,Female,3/26/1972,false
705,aelliott,9jlpTqw,Bonnie Ortiz,Female,9/4/1942,false
706,awatkins,MidqYWwRJhdI,Ronald Watson,Female,6/15/2000,false
707,achavez,Tw31PlZlsR0,Tammy Thompson,Male,7/6/1961,false
708,jschmidt,qRKtqSH8VLs,Nicole Hughes,Female,7/21/1931,false
709,ebennett,uTU9vlwBDEk,John Wheeler,Female,5/16/2010,true
710,jmedina,9Dp9cGGpX1Zn,Tammy Gonzales,Male,9/24/1986,false
711,mrivera,vlbddD,Lisa Larson,Male,7/31/1999,false
712,hberry,0hJNnPi,Bonnie Day,Male,5/18/1993,true
713,jcooper,lvYHG80,Carlos Black,Male,9/26/2002,false
714,bray,BAj2OVlg65pj,Ashley Morrison,Female,4/21/1947,true
715,rgomez,yCsCLR5j,Jane Kelley,Male,5/12/1977,true
716,jwallace,jpXBoMG0,Donna Morrison,Female,1/24/1944,true
717,chall,o1gVXgxgN,Paula Ward,Male,12/29/1929,true
718,jroberts,vQV1yDI,Henry Cole,Female,11/10/1938,true
719,hhayes,x7YZ5rS19W,Carlos Alvarez,Male,4/20/1923,false
720,glynch,bfzAuX,Phyllis Burton,Male,4/16/1992,false
721,fstewart,nG7KjTzmnHzN,Virginia Campbell,Female,5/31/1978,false
722,rwatson,6UIyzy,Andrea Johnson,Female,12/27/1941,false
723,sharris,InEwDn,Theresa Hart,Female,2/24/1933,true
724,gshaw,qDW22A9ayQh,Lori Nelson,Female,2/22/1987,true
725,dsullivan,0QV3D3sEQB51,Jennifer Snyder,Male,2/4/1962,false
726,hsanchez,bCiauv,Maria Bailey,Female,8/15/1921,true
727,kjones,KB5gk3WO3,Carolyn Banks,Female,6/18/1921,true
728,rfernandez,jXvTcmA2,Phillip Torres,Female,6/8/1983,true
729,sbaker,jWTrEOsUjU,Gloria Kelley,Male,11/13/1925,false
730,llane,6UmZufj,Ashley Harris,Male,8/3/1978,true
731,amcdonald,vAuG6jG4J,Irene Parker,Female,1/11/1999,false
732,snichols,D8exhu17X,Kathryn Stanley,Female,11/5/1992,false
733,gking,62q7tBjC,Dorothy Reed,Male,7/4/2005,false
734,sfisher,vVd7nW,Craig Day,Male,1/18/1949,true
735,droberts,qhOfoKoaVdq6,Tina Daniels,Female,2/7/1990,false
736,jbell,sl4Es5qmD,Howard Shaw,Male,1/5/1979,false
737,wbailey,C8fEV2DqERl,Sara Brown,Male,10/27/1989,false
738,klopez,UpwOXtUzPi0,Mark Riley,Male,7/10/1989,true
739,jwillis,92Vw8TVG,Amanda Kennedy,Female,9/14/1978,true
740,rgarcia,5vLLZxTu3,Margaret Garza,Female,2/28/1950,false
741,cperkins,P8OdBJ,Timothy Lopez,Female,10/27/1979,false
742,wgarza,NLH8Qz,Timothy Smith,Female,4/19/1963,false
743,abell,HvaOFs1MIgD,Roy Howell,Male,7/2/1988,false
744,gfoster,kTRADcDpj,Alan Flores,Male,5/14/1963,true
745,eellis,qaksQdU6VGm,Richard Jacobs,Female,10/6/1997,false
746,sreed,RXxO9rAVTJR,Anne Ryan,Male,7/7/2000,true
747,aandrews,RvjEp5s038,Debra Armstrong,Male,8/8/1985,true
748,tcox,x3y9zL,Angela West,Female,3/31/1958,true
749,pburton,XuJq5JjfT,Lori Gardner,Male,11/12/1944,false
750,hpayne,dWCPOSwOB,Ryan Washington,Male,6/2/2000,true
751,bfoster,g957P7,Heather Fields,Female,1/6/1947,true
752,hstanley,S0vAlvs,Howard Crawford,Male,11/1/1943,true
753,dolson,yYDOp00cRWwY,Charles Morris,Female,7/6/1934,false
754,jnichols,DTT7yRR5,Thomas Roberts,Male,6/4/1993,false
755,dburke,1rx4hm,Andrea Hernandez,Male,11/8/1932,false
756,astewart,fkUvfTCyko1,Janet Burns,Female,3/24/1950,false
757,arogers,uQwZazlGHeS,Nancy Lewis,Male,9/1/1925,true
758,egutierrez,spLfGYGrz,Walter Lee,Male,9/10/1957,true
759,sarmstrong,8eJZddQypb,Randy Bell,Female,10/10/1948,true
760,syoung,5ZLOrX,Juan Knight,Male,6/6/1922,true
761,jrice,lRlOt2rv,Virginia Williams,Male,4/21/2004,true
762,pcastillo,3YNkEOQ,Jesse Frazier,Female,3/31/1944,false
763,wburns,oZjFN4sm,Anne Perez,Male,5/17/1925,true
764,rhanson,xwGyFF4a4POy,Christine Lewis,Male,1/24/1956,true
765,mmatthews,4Eu9U5oD7B,Robert Jackson,Male,4/17/2007,false
766,jelliott,bbGM66q5y,Chris Bryant,Male,3/30/1975,true
767,jstone,x9p91jxNjhJM,Ernest Ruiz,Male,11/20/1953,false
768,jlopez,YPL5ur7lqO,Melissa James,Female,1/2/2003,true
769,rbowman,AVS4m6,Janice Hall,Female,4/17/1970,false
770,ahenderson,YKWImhPij,Judith Berry,Male,9/10/1969,true
771,randrews,esZK8N42t,Frank Austin,Male,11/14/1999,false
772,dholmes,ORTpnhedRDE,Barbara Cooper,Male,9/1/1939,true
773,dpeters,KD3L5y9,Sarah Thomas,Female,12/24/1957,true
774,wdavis,4Bq0mDg1w5v,Juan Gardner,Female,8/12/1942,true
775,aburns,JQ1qp7R6mpi,Martha Parker,Male,4/8/1925,false
776,ahall,t4KaJt1LpXBH,Louise Chapman,Male,8/24/1943,false
777,eking,HaebJVb,Bobby Perry,Female,4/26/1926,false
778,pchapman,6U235uOY0,Pamela Gomez,Female,2/18/1973,true
779,cjones,jM5gF2cv3H,Ralph Gonzales,Male,5/17/1996,true
780,khunt,BPx9p81D,Gerald Parker,Female,3/22/2012,true
781,jday,HzoJIVTWFZj,Christine Butler,Female,5/29/1987,false
782,dlynch,AnZn6As1zDwX,Rachel Ruiz,Male,4/27/1943,true
783,rwatkins,0KY3IMmO8,Harold Jordan,Male,8/20/1978,false
784,bross,9h5tWfga,Jeremy Banks,Male,10/10/1978,false
785,jbell,f8HRuf,Elizabeth Webb,Female,1/8/1976,false
786,eharris,YUsYFwVP,Frances Sims,Male,12/27/1943,false
787,lbennett,m1Yi1pXpDE,Shirley Alexander,Male,12/6/2001,false
788,elittle,yTOax9D,Nicholas Howard,Male,3/28/1934,false
789,afields,yacHjslCqew,Chris Henderson,Male,6/9/1965,true
790,jdaniels,4AznNUvr,Andrea Castillo,Female,7/9/2013,false
791,jnelson,5lm0CBpwe,Ronald Fox,Male,5/3/1986,true
792,malexander,57sH4sx,John Reed,Female,4/22/1949,true
793,jcook,c4MAKJl,Mary Wright,Female,3/4/1964,true
794,bcoleman,yueEx6javni,Carol Morales,Female,5/7/1970,false
795,bbutler,u4DQA87,Earl Bell,Female,7/10/1966,false
796,jmeyer,GVkzRq5of,Brian Robinson,Male,12/5/1957,false
797,bpierce,9cKEDSgLWR,Donna Cooper,Male,11/24/2003,false
798,ewilliamson,8S9NZ5hTN,Shirley Gordon,Male,9/5/2004,false
799,cberry,NjwJ4hu2L4mB,Samuel Rivera,Male,7/26/1940,false
800,jross,Zz1yQkKcQX2,Maria Taylor,Male,1/24/1927,false
801,celliott,pgBa6ZJwuj4,Frank Kim,Male,11/20/1977,false
802,kfrazier,RFalJ2DOb,Sean Russell,Female,1/14/1953,true
803,fsullivan,4QlJePbEBHPw,Kelly Russell,Female,9/13/1943,true
804,rgreene,W5Ufi81jaBQ,Phyllis Roberts,Male,5/16/1950,false
805,jpeters,MEx55IRS,Stephanie Rivera,Male,9/29/1994,true
806,asnyder,4tbkYj8,Robin Murphy,Male,10/9/1927,true
807,trichards,Z2cquC,Martha Lawson,Male,10/18/1973,true
808,wrobinson,N2QU2MGJq,Edward Lynch,Male,11/12/1956,false
809,jmorgan,cAxzkwrQV3e,Jacqueline Hudson,Male,12/27/2006,false
810,fnelson,xSS2eXeho2,Sara Sanchez,Female,12/16/1985,true
811,rwarren,9tOFK3kIx,Thomas George,Male,7/28/1960,false
812,jcarpenter,sZCzTyDt,Craig Austin,Female,10/16/1963,true
813,jlane,81JrQv0SnNY9,Martha Gilbert,Male,4/29/1944,true
814,vgrant,QOJlAzhZ,Wanda Allen,Male,6/30/1944,false
815,jknight,U1GlF5sB1,Donald Graham,Male,12/3/1957,true
816,agarcia,IcuFzY,Jacqueline George,Female,3/3/1946,true
817,cwright,CY5SRl,Scott Crawford,Male,7/8/1925,false
818,eallen,u16sL5,Jane Cole,Male,10/30/1930,false
819,tmccoy,9DFLb76Wo,Jeffrey Butler,Female,10/3/1964,true
820,jmoreno,DY6wEJ0A,Willie Romero,Female,10/16/1945,false
821,asimmons,jQB2cdUu6m,Julie Little,Female,11/6/1945,true
822,dday,j8bsXA2i,Antonio Cunningham,Female,12/8/1966,true
823,jlawson,N2PlqBMc,Louise Turner,Female,1/15/1998,false
824,srice,cTkFn2xbNCx,Willie Mcdonald,Female,8/21/1940,false
825,mreid,xZOv8Tsv,Marilyn Jones,Male,6/23/1988,false
826,tlarson,bjGV7yuZ,Bobby Frazier,Female,2/26/1994,false
827,fkim,TXL54u7,Janet Morris,Female,5/23/1942,true
828,tgraham,hBrrU1v4L,Linda Ward,Female,5/7/2003,true
829,jolson,ZVBj6pX,Andrea Kelly,Male,5/14/1990,false
830,vkennedy,Oby7zK6RS,Ruby Garza,Female,2/14/1999,false
831,egarrett,a1Z5oTF,Stephen Armstrong,Male,3/7/2011,true
832,bfox,3f3kGfKP,Brian Walker,Male,10/4/1987,false
833,dhenry,RdhLUkD,Henry Hughes,Male,4/18/1924,true
834,jmoore,XrW8CHxWKIt,Carolyn Webb,Male,6/14/1934,false
835,ctorres,oKm4kmIPRh1,Brandon Patterson,Male,1/18/1995,false
836,hharris,KAifKtJ5gATp,Patricia Taylor,Male,12/13/1931,true
837,rrogers,wYEE2GLwM4i,Joan Foster,Male,10/23/1924,false
838,mphillips,nrxbtJin7,Jose Burton,Male,10/17/1988,false
839,jfowler,Burh9Jzu,Margaret Richardson,Female,9/18/1993,true
840,jhughes,uSlmrDmw,Amy Olson,Male,6/25/2006,true
841,triley,SGZKZehz,Walter Ryan,Female,5/23/1994,true
842,sedwards,JWh1XHIQ,Todd Perez,Female,11/9/2007,false
843,dandrews,J43jnE,James Snyder,Male,6/16/1951,true
844,lfreeman,17SMd6jlpFJ,Roy Scott,Female,12/10/1945,true
845,erice,qEi9cj,Jose Wheeler,Male,11/5/1952,false
846,jwright,Kmc4J8uvsv3,Johnny Bishop,Female,10/22/1926,true
847,alittle,g1OOncldMv3G,Gregory Smith,Female,3/6/1964,true
848,ecarter,hBUgXIg2E,Randy Romero,Male,11/26/1995,true
849,jandrews,ifz7SJzXboOO,Laura Sanchez,Female,8/8/1965,true
850,elynch,bcHTCoop78c,Frances Reed,Female,11/3/1959,false
851,rford,spsvHWpoxT,Mary Bell,Male,9/29/1921,false
852,darnold,AZyA6la,Nancy Price,Female,5/23/2009,true
853,cwhite,KbGUCT,Betty Sims,Female,10/10/2005,true
854,agutierrez,Bcr7Ke1TH,Steve Reed,Male,6/9/1971,false
855,rrogers,jbAw3yQAPv,Jack Perez,Male,2/12/1945,true
856,acook,7RrB63UdJd,Jennifer Bradley,Male,1/5/1922,true
857,wwilliams,OxkQZaDPvJz,Henry Harrison,Female,6/5/1999,false
858,pbishop,aGgBlkLyRrjc,David Johnson,Male,11/20/1948,true
859,egrant,qWhjWPHD,Beverly Ramirez,Female,9/3/1987,false
860,dpowell,Soo0F52D,Teresa Oliver,Female,8/21/1949,true
861,swoods,xrjYxuzXDC,Catherine Gonzales,Female,3/7/1929,true
862,whughes,JV3gvS,Jesse Weaver,Male,5/24/1994,false
863,ctucker,4UWHsvjc9Z,Frances Cruz,Female,12/15/1932,false
864,cwelch,c4zRqbbyZS,Kevin Arnold,Female,7/22/2013,false
865,selliott,zvKPO5,Eric Perkins,Female,8/1/1984,false
866,jmorgan,oSsiAq,Christine Wheeler,Female,8/31/1972,true
867,swood,mq6rPl,Jean Williamson,Female,3/25/1940,false
868,hjenkins,y7LqdIj,Susan Little,Female,9/2/1943,false
869,rwilliamson,E6T80mhJ,Scott Cook,Female,4/4/2004,true
870,jrussell,bylDfUvRF,Carol Rice,Female,11/23/2012,false
871,snguyen,G9G3DGc0Op,Victor Garrett,Female,9/20/1983,true
872,gdean,1LlkuLYBsc,Earl Riley,Male,3/19/1942,false
873,cjacobs,ZyqbLYyGNT,Gerald Perry,Male,6/14/1927,false
874,jlewis,f9PMkKig3tz,Fred Williams,Female,6/5/2002,true
875,tday,zIGWCk,Steve Patterson,Female,7/2/1959,false
876,crobinson,Wm5KTN8QNcl,Ryan Sims,Male,5/31/1994,false
877,aford,laQGwRz,Todd Pierce,Female,3/28/1959,false
878,jfranklin,2Yka9X0cII,Terry Adams,Female,10/26/1933,false
879,sprice,L9HVSIaGK,Samuel Ray,Male,2/24/1983,false
880,bpierce,duOkTn2Y,Rose Carroll,Female,6/29/1921,false
881,rmyers,a2w7XKnbiR,Ann Vasquez,Female,1/1/2008,true
882,jsmith,676eFrzszm,Robin Rogers,Male,9/9/1934,true
883,fkennedy,YD5DzK,Raymond Mason,Male,3/28/2005,true
884,breynolds,17T0fZRtF,Rose Day,Female,4/29/1974,false
885,echapman,ax1L8CF9,Marie Stephens,Male,10/26/1983,true
886,jhayes,2gBFRo5uBf,Thomas Little,Female,4/6/1999,true
887,dgonzalez,R84ja9LvllHZ,Antonio Boyd,Male,6/11/1960,false
888,eharris,HSOTXv,Jerry Evans,Male,5/28/1980,false
889,freid,54QtCm9,Paula Brooks,Male,3/17/1925,true
890,rowens,cHDyAxxdV,Ruth Jackson,Female,2/1/2002,false
891,wwallace,2GE0qnamb,Carl Butler,Male,4/6/1928,true
892,dcollins,9h4qUuNYg,Dorothy Fields,Female,8/16/1989,false
893,pholmes,xSYy968h,Doris Fisher,Male,10/28/1992,true
894,dreid,YRfKgHSqvq2,Steven Warren,Female,7/29/2013,true
895,pwashington,jpkXCofhOLxZ,Brandon Taylor,Male,11/28/1922,true
896,arivera,0NMNCi1M9h,Michelle Banks,Male,8/29/1994,false
897,aclark,f3FQPKqQ4x,Harry Schmidt,Male,5/3/1922,true
898,gyoung,iUwdjo0,Louise Lawrence,Male,10/5/1971,true
899,crichards,np3CrweCWjd9,Edward Johnston,Female,5/31/1994,false
900,pgibson,ngxXt8,Dorothy Bell,Male,2/16/1923,false
901,gthomas,QCOgUSj3f,Kelly Bishop,Female,10/13/1974,false
902,sthompson,hPESiV,Rose Crawford,Female,6/28/1981,true
903,jgibson,rcntL2AcY0y,Matthew Evans,Male,7/7/1980,false
904,sward,9NJCia,Louis Peterson,Female,6/13/1978,true
905,kbaker,q5XJrNm,Doris Henderson,Male,9/12/1967,false
906,jharvey,JIhg1zAPw,Steve Burke,Female,3/11/1932,true
907,erice,IAWHdFuFL,Virginia Mcdonald,Male,10/14/1947,false
908,emccoy,yAzswgRWR,Gary Lewis,Male,10/26/2006,true
909,dharper,mGf4dfTjNkbR,Dennis Howell,Female,2/19/1957,false
910,egreen,ypqoCVyZXgj,Amy Rose,Female,1/30/2007,false
911,smurphy,sJz2GaXL1R,Sean Reyes,Female,3/2/1928,true
912,rwalker,ps65YiEJG8,Russell Reed,Male,8/14/1930,true
913,sevans,wXgUrsGi,Frank Medina,Female,7/13/1987,false
914,mbennett,BFw7A59L,Timothy Medina,Male,9/12/2006,false
915,wferguson,uqJBIT,Cheryl Robertson,Male,1/10/1985,true
916,ghudson,JClh8mYdq,Larry Rose,Male,3/16/1993,false
917,rford,fZhUxCzvSx3,Donna Banks,Male,2/13/1960,false
918,bgarza,7Znny3,Phyllis Foster,Male,7/9/1980,true
919,jbishop,FVyNDH,Joshua Henderson,Female,8/2/1976,true
920,tcook,iLqrujao3Zlx,Jane Mcdonald,Male,4/1/1977,true
921,mjenkins,KTNkFDcVs,Susan Bowman,Female,6/18/1954,false
922,cscott,8kv926o8lt,Kathleen Wallace,Male,5/18/1970,true
923,smoore,9nIjwepSB,Kathryn Hunter,Male,3/5/1978,true
924,clong,I8c7ClMcj,Angela Berry,Male,1/26/1987,false
925,jdiaz,Sw6Yea,Scott Hernandez,Male,5/15/1996,true
926,rroberts,4HIcVE,Catherine Payne,Female,10/3/2011,false
927,skim,ok7VKFB,Nancy Jenkins,Female,6/12/1966,true
928,rcarpenter,UxeOdv6Az8Z,Jerry Hicks,Female,5/19/1940,false
929,plee,ojhQM5yK2eE,Eugene Spencer,Male,12/4/1924,true
930,jgeorge,eXTAHk,Amy Olson,Male,1/15/1972,false
931,rsnyder,RPIkKVCZ7f1,Sean Mendoza,Male,1/6/1934,false
932,mreid,Wx3UJf,Ronald Gomez,Female,6/5/2010,false
933,pstanley,P4X6zkp48HQM,Beverly Hunt,Female,8/27/1988,false
934,jdean,lNveUmoWi,Robert Armstrong,Female,7/8/1958,false
935,jmontgomery,dZqa4XIt2QaR,Judy Edwards,Male,12/17/1979,false
936,dpayne,UkLQMK25W,Nancy James,Male,9/27/1923,true
937,dbell,6ZkeJ1,Lisa Taylor,Female,6/16/2009,false
938,pmason,wTOxJCl,Ernest Pierce,Male,7/10/1979,true
939,mgarrett,bLMFypma4M,Ralph Wright,Female,6/22/2009,true
940,sgibson,ZFfdvaY4w7,Sara Cox,Male,2/18/1951,false
941,fhenry,Mpe9hZvT,Bonnie Bennett,Male,9/25/1973,true
942,bhernandez,9EOlyHkHe5C,Nicholas Arnold,Male,7/3/1934,true
943,cpatterson,MZqhZT7qXBM,Betty Rice,Male,8/31/1960,true
944,agraham,O6krAxnrD6O,Jerry Dixon,Male,1/3/2002,true
945,tmendoza,x1Sny6W,Robin Robertson,Male,6/12/1952,true
946,scastillo,M6KCUT,Phyllis Cunningham,Male,11/12/2006,true
947,eharrison,RoOjLQ9BXMFr,Ronald Chapman,Female,7/1/2011,true
948,cgriffin,4OA1YLKK,Doris Marshall,Male,9/22/1944,false
949,dboyd,f94mXkqD,Charles Tucker,Female,7/5/1930,false
950,jsanchez,crdcopZjRM,Thomas Flores,Female,9/22/2010,false
951,cgrant,BSmo8o,Clarence Moore,Male,6/20/1952,false
952,fparker,z3tfpQ1vhh3M,Sarah Phillips,Male,6/19/1947,false
953,akelley,vsqL1R3,Matthew Johnson,Male,7/20/1934,false
954,dfisher,sy49bwQY,Marie Jones,Female,9/5/1924,true
955,estewart,PA8P7sh5094,Kathryn Carr,Female,6/3/1936,true
956,ebarnes,AUnEqjO,Benjamin Griffin,Male,10/15/1972,false
957,lwells,rI4WR7h,Louis Dunn,Female,7/13/1963,true
958,wwright,xToIxTm75Wh,Timothy Bowman,Female,8/16/1975,false
959,epierce,emeKFgT,Randy Lynch,Male,8/9/1991,false
960,cfowler,5xanALc,Janice Fields,Male,9/15/1949,true
961,afox,dUplM9fhwTb,Patrick Morrison,Female,2/2/1975,true
962,mwallace,3nPdYRCatai,Jane Fields,Female,3/1/1929,true
963,bmoreno,yGq0eTWN6l,Donald Jenkins,Female,2/15/2010,true
964,bspencer,TNuk8YR,Doris Andrews,Male,7/16/1928,false
965,jfisher,uTjq5D,Martha Woods,Male,2/5/2000,false
966,kfuller,nx4qneSSZ0u,Patricia Evans,Male,7/14/2002,true
967,jhall,sDglUq41sPJd,Roger Foster,Female,4/16/1951,false
968,khawkins,VhoHJ6ud,Ann Woods,Female,3/14/1944,false
969,bbennett,KxWovgB,Benjamin Butler,Male,12/26/1958,false
970,rmoore,8dnxMzyZPC,Amy Nelson,Male,9/4/1989,true
971,jgibson,rSMizCmR,Steven Tucker,Female,6/23/1932,false
972,bwashington,ZV6OCK,Ryan Rice,Male,5/30/1965,false
973,rgray,P54W0Qw1mo,Margaret Rivera,Male,12/12/1951,false
974,vbaker,HvBr7dXGRn9k,Jerry Armstrong,Male,6/4/2005,true
975,aboyd,50db5n1btbHu,Kenneth Franklin,Female,8/12/1973,false
976,rgordon,qqj9OY6,Shawn Harper,Male,12/1/1997,true
977,choward,Qqbmg7WL,Earl George,Male,7/5/1983,false
978,jgomez,Z5XKPTLtlKOb,Janice Richards,Male,6/23/1977,false
979,dgonzalez,qOBMHrq8CE,Cynthia Lopez,Male,7/28/1961,false
980,jjackson,9BnaEWuQnxz,Chris Phillips,Female,7/14/2006,false
981,bwelch,o4y3QNPu,Christina Mendoza,Male,8/29/1990,false
982,hmason,GhZPR20UO,Willie Patterson,Female,10/9/1958,false
983,bduncan,FD3nRW,Martha Stone,Female,7/10/1976,true
984,nduncan,3m7vPzd,Amy Fernandez,Female,6/1/1939,true
985,jwagner,dkFNVcajSj2I,Sara Kennedy,Female,4/22/2006,true
986,jgrant,xFzBNDVUpej,Arthur Stewart,Male,2/20/1982,true
987,hgarcia,GbXk8tx,Deborah George,Female,7/6/1979,true
988,jperez,b4jvCwb,Timothy Stevens,Male,7/24/1975,false
989,wgibson,xH0G72oIT,Joshua Reid,Female,9/22/1939,false
990,bandrews,itzOAODDaO8N,Todd Hayes,Male,11/1/1953,true
991,bhart,NhTHDEp,Michael Peters,Female,12/22/1964,false
992,mbennett,oZ5ZSBybKCoq,Eugene Anderson,Female,5/26/1986,false
993,calexander,shdmPJ2xwM,Anthony Murphy,Male,5/3/2007,false
994,klong,EBXl3Z0AFgv,Eugene Patterson,Male,3/29/1959,false
995,hharrison,n699I5ieI,Jeremy Schmidt,Female,5/24/1991,true
996,acarroll,3LmTXZt,Nicholas Simpson,Female,9/19/1989,false
997,bcook,mpBNUbw,Christina Collins,Female,2/16/2000,true
998,tbarnes,e4S7K27,Earl Stanley,Male,4/21/1970,false
999,dadams,8mMBVQ8QsFkh,Margaret Rogers,Female,6/10/1972,true
1000,hhenry,hhBxCC7Q8G,Andrea Collins,Male,6/13/1948,true
